rank	num_iterations	num_leaves	min_data_in_leaf	min_sum_hessian_in_leaf	y	iter
1	5335	1790	96	0.0081844666176451	0.931821611702191	139
2	5470	2176	90	0.00818746878033586	0.931469115608624	110
3	3486	2884	262	0.00290875444868485	0.931174817306146	66
4	7486	1361	94	0.00641343673004532	0.931114706811989	62
5	5458	812	116	0.0047803041701198	0.931058357860299	18
6	6125	1089	91	0.00818096366230106	0.930892136032378	135
7	2237	3273	114	0.00112909985374514	0.930858609659283	150
8	7486	1080	208	0.00640360382206091	0.930848085739733	124
9	5508	1484	70	0.00818237399575376	0.930816023000888	119
10	4279	1844	158	0.0055408578287066	0.930767773335029	142
11	5516	786	132	0.0048145764812785	0.930737880897107	10
12	5088	749	57	0.00818847197270468	0.930659939353244	129
13	6584	174	87	0.00478809797500175	0.930630837044525	55
14	6571	738	114	0.00369267283353199	0.930624918157575	23
15	7650	3776	50	0.00644802022884327	0.930619216895936	63
16	6241	2687	62	0.00306813510193515	0.930618034260134	148
17	3383	979	262	0.00287768841147559	0.930603000010738	72
18	6782	2003	91	0.00807112598086992	0.930593666062243	97
19	5533	547	254	0.00353866792067651	0.930551881804782	81
20	5565	824	120	0.0046283512618719	0.930549713368959	58
